CustomerId,Surname,Exited_Score,Exited_Pred
15758836,Godfrey,0.08,0
15610446,Chinedum,0.66,1
15695632,Dellucci,0.15666666666666668,0
15719309,Stephens,0.29333333333333333,0
15599268,Yobachi,0.07333333333333333,0
15805112,Pokrovsky,0.12,0
15769312,Forbes,0.2966666666666667,0
15706021,Buley,0.2,0
15570417,Chien,0.13,0
15743532,Ball,0.15333333333333332,0
15701555,Nicholls,0.42,0
15738191,Maclean,0.056666666666666664,0
15756026,Hooper,0.58,1
15777211,Herrera,0.21333333333333335,0
15731327,Hale,0.12,0
15750649,Uwakwe,0.42,0
15743192,Hung,0.29,0
15693864,Iheanacho,0.5366666666666666,1
15813844,Barnes,0.03,0
15752300,Sagese,0.6,1
15607347,Olisaemeka,0.06,0
15575024,Uwaezuoke,0.043333333333333335,0
15623277,Ross,0.21,0
15640268,Avdeeva,0.35333333333333333,0
15581539,Atkinson,0.09333333333333334,0
15763218,Akeroyd,0.17666666666666667,0
15594084,Anderson,0.02666666666666667,0
15786993,Lung,0.4033333333333333,0
15633897,Owen,0.13666666666666666,0
15588350,McIntyre,0.55,1
15697441,Hsueh,0.07666666666666666,0
15618936,MacDonald,0.6433333333333333,1
15804072,Chen,0.24666666666666667,0
15613282,Vorobyova,0.1,0
15750808,Ma,0.3333333333333333,0
15572265,Wu,0.49333333333333335,0
15686255,Mouzon,0.13333333333333333,0
15758685,Dubinina,0.08333333333333333,0
15770174,Piazza,0.11333333333333333,0
15810418,T'ang,0.64,1
15633922,Gray,0.016666666666666666,0
15604044,Mitchell,0.24333333333333335,0
15583748,McGuigan,0.09333333333333334,0
15690134,Hughes,0.36333333333333334,0
15790299,Williamson,0.2866666666666667,0
15725024,Pope,0.2866666666666667,0
15697307,Nnachetam,0.15,0
15779497,Ts'ai,0.43333333333333335,0
15712543,Chinweike,0.07666666666666666,0
15738751,Beit,0.34,0
15685150,Evans,0.09666666666666666,0
15628936,Archer,0.15,0
15795228,Stewart,0.16666666666666666,0
15779711,Gray,0.09333333333333334,0
15635435,White,0.75,1
15584364,Trentini,0.4066666666666667,0
15634375,Duncan,0.12,0
15766908,Trevisani,0.15666666666666668,0
15811773,Hsia,0.06333333333333334,0
15659428,Maggard,0.24666666666666667,0
15727829,McIntyre,0.16333333333333333,0
15584363,Longstaff,0.16666666666666666,0
15765812,Trevisani,0.35333333333333333,0
15625426,Ashbolt,0.74,1
15568106,L?,0.18333333333333332,0
15682268,Steere,0.2866666666666667,0
15652955,Price,0.19333333333333333,0
15650258,Sinclair,0.20333333333333334,0
15775662,McKay,0.3466666666666667,0
15600710,Atkinson,0.17,0
15662434,Zhdanova,0.09666666666666666,0
15663441,Golibe,0.44333333333333336,0
15580684,Feng,0.3233333333333333,0
15765694,Bage,0.31333333333333335,0
15808621,Mordvinova,0.07666666666666666,0
15686611,Moss,0.20666666666666667,0
15677173,Law,0.11,0
15631813,Beneventi,0.04,0
15643966,Goforth,0.43,0
15615012,Fan,0.09666666666666666,0
15595728,Thomas,0.32,0
15731522,Ts'ui,0.39666666666666667,0
15699598,Smith,0.17333333333333334,0
15663885,Blinova,0.06666666666666667,0
15565779,Kent,0.21,0
15684267,Davila,0.12,0
15619529,Ndukaku,0.19,0
15573318,Kung,0.07666666666666666,0
15775891,Myers,0.54,1
15641136,Davison,0.02666666666666667,0
15805260,Wood,0.6866666666666666,1
15726032,Enyinnaya,0.09,0
15707120,Cocci,0.55,1
15651554,Anenechukwu,0.59,1
15770525,T'an,0.18333333333333332,0
15798666,Hughes,0.13,0
15764170,Pinto,0.58,1
15650098,Baranova,0.27,0
15749167,Fisk,0.10666666666666667,0
15631159,H?,0.14,0
15769829,Cheng,0.35333333333333333,0
15712287,Pokrovskii,0.31333333333333335,0
