CustomerId,Surname,CreditScore,Geography,Gender,Age,Balance,NumOfProducts,HasCrCard,IsActiveMember,EstimatedSalary,baseDate,accountOpeningDate
15758836,Godfrey,675,Spain,Male,36,54098.18,2,0,1,54478.52,2/1/2026,11/23/2022
15610446,Chinedum,714,France,Female,51,88308.87,3,0,0,5862.53,2/1/2026,7/2/2021
15695632,Dellucci,556,France,Female,39,89588.35,1,1,1,94898.1,2/1/2026,8/6/2016
15719309,Stephens,670,France,Female,42,115961.58,2,0,1,29483.87,2/1/2026,10/12/2024
15599268,Yobachi,584,Spain,Male,32,0,2,1,0,10956.82,2/1/2026,3/20/2020
15805112,Pokrovsky,578,France,Male,38,82259.29,1,1,0,8996.97,2/1/2026,5/3/2018
15769312,Forbes,557,Spain,Male,48,0,2,1,1,185094.48,2/1/2026,8/29/2015
15706021,Buley,665,France,Female,34,96645.54,2,0,0,171413.66,2/1/2026,8/11/2024
15570417,Chien,579,France,Male,35,0,2,1,0,4460.2,2/1/2026,10/19/2024
15743532,Ball,704,Germany,Male,27,147004.34,1,1,0,64381.33,2/1/2026,10/21/2020
15701555,Nicholls,575,Spain,Male,53,84903.33,2,0,1,26015.8,2/1/2026,2/7/2024
15738191,Maclean,577,France,Male,25,0,2,0,1,124508.29,2/1/2026,6/11/2022
15756026,Hooper,790,Spain,Female,46,0,1,0,0,14679.81,2/1/2026,7/10/2016
15777211,Herrera,515,France,Male,65,92113.61,1,1,1,142548.33,2/1/2026,11/3/2018
15731327,Hale,652,Germany,Male,27,166527.88,2,0,1,146007.7,2/1/2026,7/28/2023
15750649,Uwakwe,744,France,Female,44,0,2,1,1,189016.14,2/1/2026,10/28/2022
15743192,Hung,623,France,Female,44,0,2,0,0,167162.43,2/1/2026,9/19/2019
15693864,Iheanacho,567,Germany,Female,49,134956.02,1,1,0,93953.84,2/1/2026,1/9/2021
15813844,Barnes,703,France,Male,37,105961.68,2,0,1,74158.8,2/1/2026,2/28/2017
15752300,Sagese,607,Germany,Male,47,148826.32,1,1,1,79450.61,2/1/2026,9/10/2021
15607347,Olisaemeka,734,France,Male,22,130056.23,1,0,0,121894.31,2/1/2026,11/4/2020
15575024,Uwaezuoke,503,France,Male,29,0,2,1,1,143954.99,2/1/2026,3/29/2022
15623277,Ross,696,France,Female,30,0,2,1,1,196134.44,2/1/2026,1/24/2018
15640268,Avdeeva,652,Spain,Male,71,0,1,1,1,120107.1,2/1/2026,10/25/2021
15581539,Atkinson,474,Spain,Male,37,0,2,0,0,57175.32,2/1/2026,9/10/2022
15763218,Akeroyd,661,France,Female,41,0,2,0,1,131300.68,2/1/2026,4/16/2024
15594084,Anderson,524,France,Male,22,0,2,1,0,74405.34,2/1/2026,3/15/2016
15786993,Lung,810,France,Female,51,0,2,0,1,184524.74,2/1/2026,2/12/2020
15633897,Owen,725,Germany,Male,39,50880.98,2,1,1,184023.54,2/1/2026,2/19/2024
15588350,McIntyre,744,France,Female,43,147832.15,1,0,1,24234.11,2/1/2026,5/31/2015
15697441,Hsueh,485,,Male,29,182123.79,1,1,0,116828.51,2/1/2026,3/23/2018
15618936,MacDonald,688,France,Female,51,0,1,1,0,91624.11,2/1/2026,6/25/2020
15804072,Chen,701,Spain,Female,42,0,2,0,0,24210.56,2/1/2026,1/5/2021
15613282,Vorobyova,757,France,Male,29,130306.49,1,1,0,77469.38,2/1/2026,4/5/2017
15750808,Ma,790,Spain,Male,46,131365.37,2,1,1,180290.68,2/1/2026,11/11/2023
15572265,Wu,646,Germany,Male,46,170826.55,2,1,0,45041.32,2/1/2026,1/25/2025
15686255,Mouzon,738,Germany,Male,35,101744.84,1,0,0,85185.44,2/1/2026,5/13/2019
15758685,Dubinina,706,Spain,Female,37,0,2,1,1,110899.3,2/1/2026,5/26/2018
15770174,Piazza,762,France,Male,29,141389.06,1,1,0,54122.89,2/1/2026,4/13/2019
15810418,T'ang,756,Germany,Female,60,115924.89,1,1,0,93524.19,2/1/2026,4/6/2022
15633922,Gray,755,France,Male,30,123217.66,2,0,1,144183.1,2/1/2026,3/26/2021
15604044,Mitchell,700,France,Male,38,134811.3,1,1,0,1299.75,2/1/2026,12/20/2017
15583748,McGuigan,592,Spain,Male,38,0,2,1,0,180426.2,2/1/2026,8/6/2017
15690134,Hughes,464,Germany,Female,42,85679.25,1,1,1,164104.74,2/1/2026,5/31/2022
15790299,Williamson,592,Spain,Male,37,0,3,1,1,10656.89,2/1/2026,11/7/2016
15725024,Pope,805,Germany,Female,33,105663.56,2,0,1,33330.89,2/1/2026,9/20/2022
15697307,Nnachetam,588,Spain,Male,34,0,2,1,0,79078.91,2/1/2026,7/5/2015
15779497,Ts'ai,603,France,Male,43,127823.93,1,1,1,19483.35,2/1/2026,10/14/2020
15712543,Chinweike,789,,Male,39,124828.46,2,1,1,124411.08,2/1/2026,2/18/2018
15738751,Beit,493,France,Female,46,0,2,1,0,1907.66,2/1/2026,5/9/2021
15685150,Evans,799,Germany,Male,28,167658.33,2,1,1,111138.25,2/1/2026,6/7/2018
15628936,Archer,692,Spain,Male,28,118945.09,1,0,0,16064.25,2/1/2026,12/7/2016
15795228,Stewart,756,France,Male,37,132623.6,1,1,1,58974,2/1/2026,8/24/2022
15779711,Gray,750,Spain,Female,38,97257.41,2,0,1,179883.04,2/1/2026,3/1/2018
15635435,White,648,France,Female,54,120633.42,1,0,0,5924.38,2/1/2026,12/26/2016
15584364,Trentini,652,France,Male,48,59486.31,1,1,0,163944.18,2/1/2026,5/18/2021
15634375,Duncan,710,Spain,Female,36,0,2,0,0,83206.19,2/1/2026,2/28/2017
15766908,Trevisani,488,Germany,Male,32,114540.38,1,1,0,92568.07,2/1/2026,3/5/2022
15811773,Hsia,543,France,Male,36,0,2,1,1,141210.5,2/1/2026,1/23/2022
15659428,Maggard,520,Spain,Female,42,0,2,1,1,34410.55,2/1/2026,2/3/2020
15727829,McIntyre,567,France,Male,42,0,2,1,1,167984.61,2/1/2026,7/14/2023
15584363,Longstaff,824,France,Male,30,133634.02,1,1,1,162053.92,2/1/2026,6/4/2025
15765812,Trevisani,587,Spain,Male,48,0,2,1,1,8908,2/1/2026,3/29/2024
15625426,Ashbolt,754,Germany,Female,55,161608.81,1,1,0,8080.85,2/1/2026,10/1/2022
15568106,L?,592,France,Female,38,119278.01,2,0,1,19370.73,2/1/2026,8/16/2017
15682268,Steere,676,Germany,Female,26,108348.66,1,0,0,60231.74,2/1/2026,10/21/2024
15652955,Price,678,Spain,Male,30,0,1,1,0,35113.08,2/1/2026,10/20/2025
15650258,Sinclair,479,France,Female,35,113090.4,1,1,0,195649.79,2/1/2026,10/3/2023
15775662,McKay,760,France,Male,43,121911.59,1,1,0,193312.33,2/1/2026,3/8/2017
15600710,Atkinson,620,France,Male,22,0,1,1,0,32589.45,2/1/2026,8/27/2025
15662434,Zhdanova,607,France,Male,25,0,2,0,0,187048.72,2/1/2026,10/7/2022
15663441,Golibe,700,Germany,Female,40,148571.07,1,1,0,189826.96,2/1/2026,12/25/2021
15580684,Feng,706,France,Female,29,112564.62,1,1,0,42334.38,2/1/2026,9/24/2020
15765694,Bage,584,Spain,Female,59,0,1,0,1,130260.11,2/1/2026,5/6/2024
15808621,Mordvinova,659,Germany,Male,36,76190.48,2,1,1,149066.14,2/1/2026,9/5/2023
15686611,Moss,495,France,Male,30,129755.99,1,0,0,172749.65,2/1/2026,10/30/2015
15677173,Law,555,France,Male,37,124969.13,1,1,0,60194.05,2/1/2026,3/19/2016
15631813,Beneventi,621,France,Male,39,0,2,1,1,58883.91,2/1/2026,12/9/2019
15643966,Goforth,616,Germany,Male,45,143129.41,2,0,1,64327.26,2/1/2026,7/6/2022
15615012,Fan,594,France,Male,23,156267.59,1,1,0,160968.44,2/1/2026,7/12/2020
15595728,Thomas,523,Germany,Male,41,119276.31,1,0,0,122284.38,2/1/2026,3/23/2025
15731522,Ts'ui,771,Spain,Female,67,0,2,1,1,51219.8,2/1/2026,7/5/2017
15699598,Smith,723,France,Female,20,0,2,1,1,140385.33,2/1/2026,6/1/2021
15663885,Blinova,741,France,Male,32,0,1,1,1,64839.23,2/1/2026,10/15/2020
15565779,Kent,627,Germany,Female,30,57809.32,1,1,0,188258.49,2/1/2026,4/24/2019
15684267,Davila,607,Germany,Male,39,84468.67,2,1,1,121945.42,2/1/2026,10/7/2023
15619529,Ndukaku,531,Spain,Male,27,132576.25,1,0,0,7222.92,2/1/2026,5/4/2017
15573318,Kung,610,France,Male,26,0,2,1,0,166031.08,2/1/2026,8/27/2017
15775891,Myers,634,Germany,Male,48,107247.69,1,1,1,103712.05,2/1/2026,6/6/2023
15641136,Davison,629,France,Male,32,0,2,0,1,77965.44,2/1/2026,9/15/2023
15805260,Wood,705,Germany,Female,56,143249.67,1,1,0,88428.41,2/1/2026,3/19/2023
15726032,Enyinnaya,608,France,Male,33,89968.69,1,1,0,68777.26,2/1/2026,1/13/2017
15707120,Cocci,850,France,Male,46,117640.39,1,1,0,88920.68,2/1/2026,2/7/2016
15651554,Anenechukwu,618,Germany,Female,54,118449.21,1,1,1,133573.29,2/1/2026,4/8/2021
15770525,T'an,760,Spain,Male,28,141038.57,2,0,0,16287.38,2/1/2026,10/18/2024
15798666,Hughes,814,France,Female,36,0,2,1,1,98657.01,2/1/2026,6/15/2019
15764170,Pinto,647,Germany,Male,44,93960.35,1,1,0,36579.53,2/1/2026,9/2/2021
15650098,Baranova,630,France,Female,40,0,2,1,1,34453.17,2/1/2026,2/15/2018
15749167,Fisk,753,France,Male,35,0,2,1,1,184843.77,2/1/2026,5/20/2022
15631159,H?,705,Germany,Male,41,72252.64,2,1,1,142514.66,2/1/2026,8/28/2021
15769829,Cheng,534,,Male,51,0,2,0,1,20856.31,2/1/2026,3/1/2022
15712287,Pokrovskii,652,France,Female,80,0,2,1,1,188603.07,2/1/2026,7/26/2021
